<manifesto>
    <folder_name>novaPasta</folder_name>
    <files>
        <file>
            <filename>a.txt</filename>
            <checksum>checksum</checksum>
        </file>
        <file>
            <filename>c.txt</filename>
            <checksum>checksum</checksum>
        </file>
    </files>
    <directories>
        <directory>
            <folder_name>dir</folder_name>
            <files>
                <file>
                    <filename>b.txt</filename>
                    <checksum>checksum</checksum>
                </file>
            </files>
        </directory>
    </directories>
</manifesto>