<manifesto>
    <folder_name>novaPasta</folder_name>
    <public>true</public>
    <description>Pastas com ficheiros</description>
    <files>
        <file>
            <filename>a.txt</filename>
            <title>Título</title>
            <type>Texto</type>
            <classification>Classificação</classification>
        </file>
        <file>
            <filename>c.txt</filename>
            <title>Título</title>
            <type>Texto</type>
            <classification>Classificação</classification>
        </file>
    </files>
    <directories>
        <directory>
            <folder_name>dir</folder_name>
            <files>
                <file>
                    <filename>b.txt</filename>
                    <title>Título</title>
                    <type>Texto</type>
                    <classification>Classificação</classification>
                </file>
            </files>
        </directory>
    </directories>
</manifesto>